{"Agent 1": {"Agencies No": {"Apr-17": 1.0, "May-17": 1.0}, "Customer No": {"Apr-17": 120.4950185678122, "May-17": 116.09730422374491}, "New Customer No": {"Apr-17": 9.811268362509235, "May-17": 12.748155179198893}, "Paid Up No": {"Apr-17": 7.950141364996192, "May-17": 8.380207722048839}, "Sales No": {"Apr-17": 0.0, "May-17": 0.0}, "Sales Value": {"Apr-17": 0.0, "May-17": 0.0}, "Parallel No": {"Apr-17": 0.0, "May-17": 0.0}, "Refinance No": {"Apr-17": 0.0, "May-17": 0.0}, "Real Misses No": {"Apr-17": 13.548592561013143, "May-17": 3.682249223014642}, "Recent New Customers No 13 Weeks": {"Apr-17": 22.693657790285197, "May-17": 9.63385443675747}, "Consecutive Misses 1": {"Apr-17": -0.8324646414949415, "May-17": -3.587677014665357}, "Scheduled Visit No": {"Apr-17": 4.779488814223081, "May-17": 5.43438994366941}}, "Agent 2": {"Agencies No": {"Apr-17": 1.0, "May-17": 1.0}, "Customer No": {"Apr-17": 228.2737994587113, "May-17": 210.00988797663436}, "New Customer No": {"Apr-17": 4.116616159665949, "May-17": 5.592422210849297}, "Paid Up No": {"Apr-17": 19.59819707170438, "May-17": 26.27185127290196}, "Sales No": {"Apr-17": 4.275822846438532, "May-17": 7.48428841722908}, "Sales Value": {"Apr-17": 13741.767009201329, "May-17": 13800.844253750425}, "Parallel No": {"Apr-17": 0.0, "May-17": 0.0}, "Refinance No": {"Apr-17": 0.0, "May-17": 0.0}, "Real Misses No": {"Apr-17": 128.81560393044737, "May-17": 124.88376597595195}, "Recent New Customers No 13 Weeks": {"Apr-17": 48.40235779798596, "May-17": 34.15884716791649}, "Consecutive Misses 1": {"Apr-17": 32.62436427345373, "May-17": 24.67778301868688}, "Scheduled Visit No": {"Apr-17": -14.934381298596222, "May-17": -37.5692916593578}}, "Agent 3": {"Agencies No": {"Apr-17": 1.0, "May-17": 1.0}, "Customer No": {"Apr-17": 91.96084667400017, "May-17": 80.26484498469283}, "New Customer No": {"Apr-17": 8.811268362509235, "May-17": 11.74815517919889}, "Paid Up No": {"Apr-17": 4.871599243124782, "May-17": 4.699602023591047}, "Sales No": {"Apr-17": 11.146121414716264, "May-17": 14.90414608312245}, "Sales Value": {"Apr-17": 469.0347674966887, "May-17": 498.2677817914086}, "Parallel No": {"Apr-17": 0.0, "May-17": 0.0}, "Refinance No": {"Apr-17": 0.0, "May-17": 0.0}, "Real Misses No": {"Apr-17": 7.098871903112922, "May-17": -2.6833224669694573}, "Recent New Customers No 13 Weeks": {"Apr-17": 11.789855719129033, "May-17": 17.90766112135312}, "Consecutive Misses 1": {"Apr-17": -16.253838375899292, "May-17": -34.78301421032053}, "Scheduled Visit No": {"Apr-17": -7.802659419882772, "May-17": -15.846168562684127}}, "Agent 4": {"Agencies No": {"Apr-17": -7.802659419882772, "May-17": -15.846168562684127}, "Customer No": {"Apr-17": -7.802659419882772, "May-17": -15.846168562684127}, "New Customer No": {"Apr-17": -7.802659419882772, "May-17": -15.846168562684127}, "Paid Up No": {"Apr-17": -7.802659419882772, "May-17": -15.846168562684127}, "Sales No": {"Apr-17": -7.802659419882772, "May-17": -15.846168562684127}, "Sales Value": {"Apr-17": -7.802659419882772, "May-17": -15.846168562684127}, "Parallel No": {"Apr-17": -7.802659419882772, "May-17": -15.846168562684127}, "Refinance No": {"Apr-17": -7.802659419882772, "May-17": -15.846168562684127}, "Real Misses No": {"Apr-17": -7.802659419882772, "May-17": -15.846168562684127}, "Recent New Customers No 13 Weeks": {"Apr-17": -7.802659419882772, "May-17": -15.846168562684127}, "Consecutive Misses 1": {"Apr-17": -7.802659419882772, "May-17": -15.846168562684127}, "Scheduled Visit No": {"Apr-17": -7.802659419882772, "May-17": -15.846168562684127}}, "Agent 5": {"Agencies No": {"Apr-17": 1.0, "May-17": 1.0}, "Customer No": {"Apr-17": 202.9837125720399, "May-17": 198.67656617320145}, "New Customer No": {"Apr-17": 16.955565509550905, "May-17": 24.26919514491482}, "Paid Up No": {"Apr-17": 12.81126836250922, "May-17": 15.748155179198859}, "Sales No": {"Apr-17": 5.788452808472063, "May-17": 8.906241791412622}, "Sales Value": {"Apr-17": 5863.034767496689, "May-17": 5892.267781791408}, "Parallel No": {"Apr-17": 0.0, "May-17": 0.0}, "Refinance No": {"Apr-17": 0.0, "May-17": 0.0}, "Real Misses No": {"Apr-17": 135.14036679006426, "May-17": 159.1462004675894}, "Recent New Customers No 13 Weeks": {"Apr-17": 68.4113976659714, "May-17": 64.20163865935531}, "Consecutive Misses 1": {"Apr-17": 7.701343589392012, "May-17": -2.895463652978334}, "Scheduled Visit No": {"Apr-17": 12.104815061351761, "May-17": 1.7854183783070612}}, "Agent 6": {"Agencies No": {"Apr-17": 1.0, "May-17": 1.0}, "Customer No": {"Apr-17": 259.1437429890465, "May-17": 241.42921688394088}, "New Customer No": {"Apr-17": 3.2909535586281065, "May-17": 3.8553694896846027}, "Paid Up No": {"Apr-17": 16.598197071704377, "May-17": 23.271851272901955}, "Sales No": {"Apr-17": 1.8034649822618842, "May-17": 2.2772875758250453}, "Sales Value": {"Apr-17": 469.0347674966887, "May-17": 498.2677817914086}, "Parallel No": {"Apr-17": 0.0, "May-17": 0.0}, "Refinance No": {"Apr-17": 0.0, "May-17": 0.0}, "Real Misses No": {"Apr-17": 151.40995004318793, "May-17": 184.35017138975817}, "Recent New Customers No 13 Weeks": {"Apr-17": 19.21263351987053, "May-17": -3.615394656163268}, "Consecutive Misses 1": {"Apr-17": 2.9292457596932144, "May-17": -14.048509222425453}, "Scheduled Visit No": {"Apr-17": 3.3874230379147208, "May-17": -8.21242234897455}}, "Agent 7": {"Agencies No": {"Apr-17": 3.3874230379147208, "May-17": -8.21242234897455}, "Customer No": {"Apr-17": 0.0, "May-17": 0.0}, "New Customer No": {"Apr-17": 0.0, "May-17": 0.0}, "Paid Up No": {"Apr-17": 0.0, "May-17": 0.0}, "Sales No": {"Apr-17": -0.28999191094916354, "May-17": -0.8533083148115839}, "Sales Value": {"Apr-17": 29.23299079867178, "May-17": -29.844253750424713}, "Parallel No": {"Apr-17": 0.0, "May-17": 0.0}, "Refinance No": {"Apr-17": 0.0, "May-17": 0.0}, "Real Misses No": {"Apr-17": 0.0, "May-17": 0.0}, "Recent New Customers No 13 Weeks": {"Apr-17": 11.010160327355845, "May-17": 23.42468657129005}, "Consecutive Misses 1": {"Apr-17": 0.0, "May-17": 0.0}, "Scheduled Visit No": {"Apr-17": 0.0, "May-17": 0.0}}, "Agent 8": {"Agencies No": {"Apr-17": 1.0, "May-17": 1.0}, "Customer No": {"Apr-17": 278.7536596362831, "May-17": 250.54670762198788}, "New Customer No": {"Apr-17": 1.8853200868821913, "May-17": 0.41036844089069213}, "Paid Up No": {"Apr-17": 55.85818163211607, "May-17": 73.57362633899683}, "Sales No": {"Apr-17": 11.146121414716264, "May-17": 14.90414608312245}, "Sales Value": {"Apr-17": 469.0347674966887, "May-17": 498.2677817914086}, "Parallel No": {"Apr-17": 0.0, "May-17": 0.0}, "Refinance No": {"Apr-17": 0.0, "May-17": 0.0}, "Real Misses No": {"Apr-17": 101.75455315593008, "May-17": 93.25867851721684}, "Recent New Customers No 13 Weeks": {"Apr-17": -13.767841975384183, "May-17": -55.478800382865614}, "Consecutive Misses 1": {"Apr-17": 13.503352507205427, "May-17": 14.671123102987103}, "Scheduled Visit No": {"Apr-17": 8.510959198243016, "May-17": 1.4698176274121568}}, "Agent 9": {"Agencies No": {"Apr-17": 1.0, "May-17": 1.0}, "Customer No": {"Apr-17": 194.2979570985108, "May-17": 190.993613117798}, "New Customer No": {"Apr-17": 18.46699714821374, "May-17": 25.69012801248517}, "Paid Up No": {"Apr-17": 8.747527852716, "May-17": 5.3589307593734326}, "Sales No": {"Apr-17": 1.8853200868821913, "May-17": 0.41036844089069213}, "Sales Value": {"Apr-17": 12363.26775829536, "May-17": 12333.423528040985}, "Parallel No": {"Apr-17": 0.0, "May-17": 0.0}, "Refinance No": {"Apr-17": 0.0, "May-17": 0.0}, "Real Misses No": {"Apr-17": 42.02143820964739, "May-17": 27.319339370167093}, "Recent New Customers No 13 Weeks": {"Apr-17": 95.75873881785839, "May-17": 116.30560635580946}, "Consecutive Misses 1": {"Apr-17": 0.2267397879644637, "May-17": -13.105348200151935}, "Scheduled Visit No": {"Apr-17": 4.541460701622768, "May-17": -0.21767912028406045}}, "Agent 10": {"Agencies No": {"Apr-17": 4.541460701622768, "May-17": -0.21767912028406045}, "Customer No": {"Apr-17": -77.46109836123739, "May-17": -117.63313427815396},